game,seed,opening_row,opening_col,opening_grid,opening_cell,starting_player,winner,failure_player,reason,plies,trace_hash,win_type,p0_dfs_failed,p1_dfs_failed,p0_dfs_failed_primary,p0_dfs_failed_narrow,p1_dfs_failed_primary,p1_dfs_failed_narrow
0,20261001,4,5,4,5,0,0,-1,played,51,820282f22802d715,3iar,0,0,0,0,0,0
1,20261002,4,5,4,5,0,0,-1,played,49,de53d24bcda84c68,3iar,0,0,0,0,0,0
2,20261003,3,4,4,1,0,0,-1,played,53,f49abed0cde9274c,3iar,0,0,0,0,0,0
3,20261004,3,4,4,1,0,0,-1,played,62,27152548066bf2bd,count,0,0,0,0,0,0
4,20261005,4,3,4,3,0,0,-1,played,55,407707b528300959,3iar,0,0,0,0,0,0
5,20261006,5,4,4,7,0,0,-1,played,45,93bce9e2bf1a30c0,3iar,0,0,0,0,0,0
6,20261007,5,4,4,7,0,0,-1,played,55,8ffa4546543793d7,count,0,1,0,0,1,0
7,20261008,3,4,4,1,0,1,-1,played,44,721794bac0c08a14,3iar,0,0,0,0,0,0
8,20261009,5,4,4,7,0,1,-1,played,46,a7aeda70c0c71538,3iar,0,0,0,0,0,0
9,20261010,5,4,4,7,0,0,-1,played,55,69664314c452e29d,3iar,0,0,0,0,0,0
10,20261011,4,5,4,5,0,0,-1,played,41,3b4923b0ebdb5cae,3iar,0,0,0,0,0,0
11,20261012,4,3,4,3,0,1,-1,played,48,b2bad9cf59e69b75,3iar,0,0,0,0,0,0
12,20261013,5,4,4,7,0,0,-1,played,41,f66b519d7becda57,3iar,0,0,0,0,0,0
13,20261014,4,5,4,5,0,0,-1,played,41,91f2f664930bdce0,3iar,0,0,0,0,0,0
14,20261015,5,4,4,7,0,0,-1,played,37,813fb84f2ba6efa1,3iar,0,0,0,0,0,0
15,20261016,3,4,4,1,0,0,-1,played,39,78c43061586b4bef,3iar,0,0,0,0,0,0
16,20261017,5,4,4,7,0,0,-1,played,41,bbcf41c096ea5bee,3iar,0,0,0,0,0,0
17,20261018,4,5,4,5,0,0,-1,played,35,e7a0c76eccdf7288,3iar,0,0,0,0,0,0
18,20261019,5,4,4,7,0,0,-1,played,49,34ad09ab8d3b0a0c,3iar,0,0,0,0,0,0
19,20261020,4,3,4,3,0,0,-1,played,49,b840e6c9b9ae185b,3iar,0,0,0,0,0,0
20,20261021,3,4,4,1,0,0,-1,played,55,f1e96c2392d953b4,count,0,0,0,0,0,0
21,20261022,3,4,4,1,0,0,-1,played,47,7503340ead606a45,3iar,0,0,0,0,0,0
22,20261023,4,3,4,3,0,0,-1,played,54,06c81f3cfced0b51,count,0,0,0,0,0,0
23,20261024,3,4,4,1,0,0,-1,played,45,41742f8055c9f1a7,3iar,0,0,0,0,0,0
24,20261025,4,3,4,3,0,0,-1,played,41,965524c8f69c1ba8,3iar,0,0,0,0,0,0
25,20261026,4,3,4,3,0,0,-1,played,53,684b53f9e730285f,3iar,0,0,0,0,0,0
26,20261027,5,4,4,7,0,0,-1,played,37,cadb99254e76b867,3iar,0,0,0,0,0,0
27,20261028,4,3,4,3,0,0,-1,played,51,9e9ac69b85781ade,3iar,0,0,0,0,0,0
28,20261029,4,5,4,5,0,0,-1,played,55,3b7667da85653a5c,3iar,0,0,0,0,0,0
29,20261030,4,3,4,3,0,0,-1,played,39,a2716201785a2df6,3iar,0,0,0,0,0,0
30,20261031,4,5,4,5,0,0,-1,played,55,a5b9dcb2d95a7278,3iar,0,0,0,0,0,0
31,20261032,4,3,4,3,0,0,-1,played,41,e6faefa831ba8dfd,3iar,0,0,0,0,0,0
32,20261033,4,5,4,5,0,0,-1,played,51,d3e3b50ae709d9fd,3iar,0,0,0,0,0,0
33,20261034,4,3,4,3,0,0,-1,played,49,eed5d54aca654cce,count,0,0,0,0,0,0
34,20261035,3,4,4,1,0,0,-1,played,37,04896836d12d3e9d,3iar,0,0,0,0,0,0
35,20261036,5,4,4,7,0,0,-1,played,55,7f3286e79b5b8d52,3iar,0,0,0,0,0,0
36,20261037,4,5,4,5,0,0,-1,played,41,8fb26a2d93dba4da,3iar,0,0,0,0,0,0
37,20261038,5,4,4,7,0,1,-1,played,46,1268e72d754497d6,3iar,0,0,0,0,0,0
38,20261039,5,4,4,7,0,0,-1,played,39,9a4432b3428f428f,3iar,0,0,0,0,0,0
39,20261040,4,5,4,5,0,0,-1,played,39,5b6e5593fdf220e5,3iar,0,0,0,0,0,0
40,20261041,4,3,4,3,0,0,-1,played,49,0fb27a04b04a0293,3iar,0,0,0,0,0,0
41,20261042,4,5,4,5,0,0,-1,played,49,8b7fec410ee5b528,3iar,0,0,0,0,0,0
42,20261043,3,4,4,1,0,0,-1,played,45,5d17e55a9b223552,3iar,0,0,0,0,0,0
43,20261044,3,4,4,1,0,0,-1,played,47,609a22127faa7df4,3iar,0,0,0,0,0,0
44,20261045,3,4,4,1,0,0,-1,played,49,30b1aa954038b241,3iar,0,0,0,0,0,0
45,20261046,4,3,4,3,0,0,-1,played,53,84406e75138b261d,3iar,0,0,0,0,0,0
46,20261047,3,4,4,1,0,0,-1,played,53,57ba4b18204e9a73,3iar,0,0,0,0,0,0
47,20261048,5,4,4,7,0,0,-1,played,47,3b5218ea6989ffe6,3iar,0,0,0,0,0,0
48,20261049,4,5,4,5,0,0,-1,played,49,b6da167ab9976b71,3iar,0,0,0,0,0,0
49,20261050,4,3,4,3,0,0,-1,played,51,02ca53d050d084b2,3iar,0,1,0,0,1,0
50,20261051,4,3,4,3,0,0,-1,played,51,6dd533cb102fcf2d,3iar,0,0,0,0,0,0
51,20261052,5,4,4,7,0,0,-1,played,50,61a63ac5507fb346,count,0,1,0,0,1,0
52,20261053,4,5,4,5,0,0,-1,played,43,8d800d542df7af77,3iar,0,0,0,0,0,0
53,20261054,3,4,4,1,0,0,-1,played,47,ff179f7356283439,3iar,0,0,0,0,0,0
54,20261055,3,4,4,1,0,0,-1,played,52,d2236b8363083f98,count,0,0,0,0,0,0
55,20261056,3,4,4,1,0,0,-1,played,45,aa42e05a99ee72ea,3iar,0,0,0,0,0,0
56,20261057,4,5,4,5,0,0,-1,played,43,1d0c1f7f7e058d76,3iar,0,0,0,0,0,0
57,20261058,3,4,4,1,0,0,-1,played,41,9b9603809480df4f,3iar,0,0,0,0,0,0
58,20261059,4,3,4,3,0,0,-1,played,35,4809df81ce066db2,3iar,0,0,0,0,0,0
59,20261060,4,5,4,5,0,1,-1,played,40,4fc80505075abe37,3iar,0,0,0,0,0,0
60,20261061,5,4,4,7,0,1,-1,played,42,1a78d2518623b4b0,3iar,0,0,0,0,0,0
61,20261062,3,4,4,1,0,0,-1,played,43,3837d61a4f61c2b7,3iar,0,0,0,0,0,0
62,20261063,5,4,4,7,0,0,-1,played,43,7ee1c1138db646a7,3iar,0,0,0,0,0,0
63,20261064,4,5,4,5,0,0,-1,played,39,8bf9b85c1c2ae2d4,3iar,0,0,0,0,0,0
64,20261065,5,4,4,7,0,0,-1,played,53,41f7505634049752,3iar,0,0,0,0,0,0
65,20261066,5,4,4,7,0,0,-1,played,43,1d6d4c8e7e01e52f,3iar,1,1,1,0,1,0
66,20261067,3,4,4,1,0,0,-1,played,53,81a610e9db7b0fca,3iar,0,1,0,0,1,0
67,20261068,5,4,4,7,0,0,-1,played,45,6069b0df40c1dcc6,3iar,0,0,0,0,0,0
68,20261069,5,4,4,7,0,0,-1,played,53,0ac1d7b5134cccad,3iar,0,0,0,0,0,0
69,20261070,4,5,4,5,0,1,-1,played,48,a797371c5997de13,3iar,0,0,0,0,0,0
70,20261071,4,5,4,5,0,0,-1,played,55,12e19d3b68f2dd4a,3iar,0,0,0,0,0,0
71,20261072,4,3,4,3,0,0,-1,played,61,fcacf171a1fa4780,3iar,0,0,0,0,0,0
72,20261073,3,4,4,1,0,0,-1,played,53,7137646deeaf6b0c,3iar,0,0,0,0,0,0
73,20261074,4,3,4,3,0,1,-1,played,46,171b8a9070cd4261,3iar,0,0,0,0,0,0
74,20261075,4,5,4,5,0,0,-1,played,49,5fd5dcb1e64042ce,3iar,0,0,0,0,0,0
75,20261076,4,3,4,3,0,0,-1,played,50,4cf4ffb2bde1d46f,count,0,0,0,0,0,0
76,20261077,3,4,4,1,0,0,-1,played,51,b47fc3e10e7bef4f,3iar,0,0,0,0,0,0
77,20261078,5,4,4,7,0,0,-1,played,43,1330ddc70790ed35,3iar,0,0,0,0,0,0
78,20261079,5,4,4,7,0,0,-1,played,37,24b06f1856693907,3iar,0,0,0,0,0,0
79,20261080,5,4,4,7,0,0,-1,played,53,dd76ed36011aa325,3iar,0,0,0,0,0,0
80,20261081,5,4,4,7,0,0,-1,played,43,e7f1baa74618646d,3iar,0,0,0,0,0,0
81,20261082,4,5,4,5,0,0,-1,played,53,d84d410b57f4c200,3iar,0,0,0,0,0,0
82,20261083,3,4,4,1,0,0,-1,played,39,3a026a0ee468b966,3iar,0,0,0,0,0,0
83,20261084,3,4,4,1,0,1,-1,played,50,f0b1c57991ea1e26,3iar,0,0,0,0,0,0
84,20261085,5,4,4,7,0,0,-1,played,45,7a0222638523cfe4,3iar,0,0,0,0,0,0
85,20261086,5,4,4,7,0,1,-1,played,44,142551582c38b7b9,3iar,0,0,0,0,0,0
86,20261087,3,4,4,1,0,0,-1,played,43,ca51119171346004,3iar,0,0,0,0,0,0
87,20261088,4,3,4,3,0,0,-1,played,46,7e81d0c12202505a,count,0,0,0,0,0,0
88,20261089,3,4,4,1,0,0,-1,played,52,57b0925fbe0e855a,count,0,0,0,0,0,0
89,20261090,4,5,4,5,0,0,-1,played,51,cd6a8730637f5b23,3iar,0,0,0,0,0,0
90,20261091,4,5,4,5,0,0,-1,played,57,9e059906def12e86,3iar,0,0,0,0,0,0
91,20261092,4,5,4,5,0,0,-1,played,51,422d65dbea082fd6,3iar,0,0,0,0,0,0
92,20261093,3,4,4,1,0,0,-1,played,47,1c4032b20d3ce0ef,3iar,0,0,0,0,0,0
93,20261094,5,4,4,7,0,0,-1,played,39,bd6b2cdfd5ab6772,3iar,0,0,0,0,0,0
94,20261095,3,4,4,1,0,0,-1,played,37,4354e9c3f4949d3e,3iar,0,0,0,0,0,0
95,20261096,3,4,4,1,0,0,-1,played,37,df71093fd641570a,3iar,0,0,0,0,0,0
96,20261097,5,4,4,7,0,0,-1,played,37,90a9f1ed5d74c1dc,3iar,0,0,0,0,0,0
97,20261098,4,5,4,5,0,0,-1,played,41,f9f063ccd09545d4,3iar,0,0,0,0,0,0
98,20261099,4,3,4,3,0,0,-1,played,49,ff0dac4cfc2d986f,3iar,0,0,0,0,0,0
99,20261100,4,5,4,5,0,0,-1,played,45,4c1f47cc1d75137d,3iar,0,0,0,0,0,0
