player,evaluations,count_differential_evaluations
0,50075,115
0,239126,623
0,251826,6581
0,256691,12713
0,251523,15049
0,219340,14835
0,208158,16400
0,177655,14581
0,136010,25308
0,96649,15112
0,115596,28621
0,111790,42257
0,70555,27009
0,57378,26072
0,50867,20660
0,47677,23547
0,37338,23344
0,147946,112045
0,161015,129791
0,198727,151709
0,262964,182114
0,234452,164554
0,38193,19414
0,0,0
0,0,0
0,0,0
0,50075,115
0,205454,564
0,236455,6321
0,240285,12435
0,230913,12945
0,219284,14512
0,208104,16161
0,177603,14354
0,136010,25464
0,128117,28208
0,93358,16804
0,88029,28630
0,73157,33557
0,58175,22843
0,48908,24739
0,70208,40555
0,87637,60507
0,158501,115451
0,271471,120833
0,251124,152795
0,137502,108888
0,78732,68366
0,40540,26725
0,0,0
0,0,0
0,0,0
0,0,0
0,0,0
0,50075,115
0,239600,668
0,246310,7666
0,241944,12467
0,239415,14736
0,219284,14512
0,208061,16444
0,162077,14101
0,154057,14908
0,122977,31115
0,240060,204609
0,246501,219052
0,240931,211453
0,238700,195946
0,246091,210315
0,207232,171446
0,255619,60359
0,245238,82738
0,270204,242923
0,245266,202300
0,232656,181104
0,143834,112798
0,0,0
0,50075,115
0,140207,420
0,148653,6239
0,224398,10508
0,235906,14743
0,219340,14835
0,208652,15713
0,159528,13008
0,134579,12488
0,113644,11776
0,89132,11402
0,76071,12997
0,58339,14231
0,55870,20773
0,54714,21262
0,37133,15669
0,77536,56969
0,38453,21488
0,26608,14117
0,27339,16966
0,29401,20560
0,27266,15130
0,132240,53349
0,27676,12597
0,78153,47641
0,27923,22464
0,27237,17805
0,0,0
0,0,0
0,0,0
0,0,0
0,50075,115
0,241738,673
0,248440,6553
0,246717,12553
0,235195,12801
0,219340,14835
0,165686,12091
0,126163,9733
0,137342,12941
0,138041,24487
0,78261,12062
0,89051,28750
0,109206,51495
0,71047,33893
0,67399,37993
0,237517,147920
0,256495,74693
0,226781,84909
0,220361,158505
0,218379,100057
0,143199,82820
0,78307,48175
0,0,0
0,0,0
0,0,0
0,50075,115
0,227645,633
0,212849,4249
0,128690,7341
0,224454,13967
0,219284,14512
0,189467,14052
0,178673,14844
0,162566,25961
0,113970,22117
0,98314,24824
0,71116,22970
0,106234,69913
0,88278,60734
0,233953,202515
0,211588,176594
0,242878,176867
0,163544,121072
0,250564,102905
0,186953,78393
0,244568,189195
0,16490,7480
0,0,0
0,0,0
0,0,0
0,0,0
0,50075,115
0,246116,719
0,242905,6411
0,242322,13808
0,237686,14381
0,219284,14512
0,189467,14052
0,178173,15957
0,125040,17810
0,112633,23642
0,107073,18985
0,97981,26958
0,239924,144499
0,254193,44242
0,253959,64747
0,262694,111916
0,261184,226002
0,239882,205770
0,224052,167990
0,131208,52288
0,166013,60727
0,154022,69382
0,0,0
0,0,0
0,0,0
0,0,0
0,0,0
0,0,0
0,50075,115
0,251352,769
0,243305,7658
0,232660,12314
0,239841,14738
0,219284,14512
0,208608,17089
0,159638,14590
0,132975,12670
0,114582,27085
0,108416,28742
0,91679,36554
0,71648,32625
0,53759,20718
0,41410,20195
0,48699,25353
0,35151,17168
0,51802,37121
0,115965,81729
0,187161,69123
0,165097,69837
0,181054,112658
0,9102,8969
0,14776,14576
0,10550,10309
0,0,0
0,50075,115
0,255006,749
0,245477,6445
0,247683,13941
0,247563,14903
0,219340,14835
0,189860,13750
0,177696,14488
0,139568,28740
0,127721,28563
0,109730,35891
0,83823,27501
0,75920,34170
0,219887,184772
0,214050,123868
0,208333,41609
0,215246,68239
0,219102,85843
0,188221,88995
0,248139,208086
0,145283,117109
0,35788,27423
0,0,0
0,0,0
0,0,0
0,0,0
0,0,0
0,50075,115
0,253842,747
0,244532,6430
0,247826,13897
0,243863,14577
0,219284,14512
0,189467,14052
0,178173,15957
0,141157,30944
0,130649,28587
0,243919,214328
0,250542,16849
0,251181,30612
0,284603,251879
0,248144,207325
0,170348,162280
0,265126,179245
0,253975,161709
0,260731,184172
0,166202,115153
0,191066,139189
0,18646,13611
0,2104,1268
0,0,0
0,0,0
0,50075,115
0,131804,393
0,138392,2874
0,220918,12752
0,239706,14118
0,217739,14752
0,208652,15713
0,175683,15648
0,134558,12505
0,105498,12453
0,98598,15007
0,85435,24414
0,51242,12094
0,58675,18991
0,55001,22837
0,223146,128247
0,230334,179879
0,230618,96676
0,237739,117641
0,164161,121654
0,95827,40975
0,0,0
0,0,0
0,0,0
0,0,0
0,0,0
0,50075,115
0,197832,528
0,223502,6498
0,247162,12561
0,246364,14811
0,219284,14512
0,208608,17089
0,178901,16942
0,135290,13464
0,113533,11822
0,88998,15048
0,71907,21049
0,74535,28929
0,61711,21363
0,223394,182424
0,252774,45783
0,247097,60716
0,239259,64598
0,258243,196406
0,237058,174602
0,230092,165279
0,201162,126477
0,238726,160674
0,3948,1552
0,147,49
0,50075,115
0,232622,638
0,248533,6519
0,249080,13909
0,248655,14844
0,94606,7300
0,208050,15791
0,177551,13999
0,140053,11705
0,136885,31438
0,100773,24455
0,98825,36396
0,111520,40736
0,277712,122434
0,282869,56661
0,275752,86994
0,277279,203680
0,284069,218049
0,264867,169153
0,221333,132197
0,101779,63641
0,232,179
0,50075,115
0,257325,737
0,247728,6528
0,253794,12668
0,251523,15049
0,219340,14835
0,208652,15713
0,161660,12442
0,131124,16481
0,111845,28122
0,138167,43228
0,97383,36487
0,61174,22585
0,96299,63850
0,232085,173975
0,173381,132940
0,243741,182477
0,210143,148335
0,252972,148604
0,232450,185868
0,129348,115112
0,83692,82371
0,116,116
0,50075,115
0,176034,541
0,197621,4025
0,247387,13941
0,249236,14955
0,219340,14835
0,208169,16767
0,162025,14105
0,149286,14207
0,107055,19486
0,258939,234127
0,259580,224770
0,253012,220303
0,257419,213518
0,256108,114190
0,260404,32349
0,263304,43474
0,253606,68585
0,237851,88025
0,242593,104908
0,242227,89958
0,52620,41545
0,33096,16506
0,0,0
0,0,0
0,0,0
0,0,0
0,0,0
0,50075,115
0,257442,773
0,232766,7643
0,140230,6955
0,133874,5768
0,219340,14835
0,208652,15713
0,175683,15648
0,134558,12505
0,114422,25654
0,256423,234208
0,262078,232416
0,250943,220376
0,169182,168086
0,270759,241607
0,278205,257954
0,265561,238102
0,254416,221620
0,254799,218054
0,254557,252230
0,189,178
0,50075,115
0,249551,746
0,256606,6634
0,254848,14030
0,245493,14628
0,219284,14512
0,189467,14052
0,178673,14844
0,162566,25961
0,122629,30593
0,160356,141112
0,251737,33243
0,246603,45370
0,209853,56962
0,241723,90228
0,253148,97024
0,241999,88685
0,245040,98896
0,255363,101172
0,234941,102004
0,252916,194751
0,219382,78245
0,229,35
0,50075,115
0,239399,623
0,243958,6482
0,242820,12491
0,247196,14882
0,219284,14512
0,189575,14352
0,178841,16756
0,135106,17231
0,116544,11912
0,97165,23754
0,101933,37202
0,241777,218199
0,254408,136827
0,254623,44931
0,243664,53013
0,239471,101929
0,147000,22458
0,240108,221848
0,230111,204670
0,80409,65947
0,0,0
0,0,0
0,50075,115
0,240509,646
0,235379,6307
0,236794,12979
0,231442,14100
0,219284,14512
0,208169,16856
0,162129,14278
0,149286,14296
0,112844,11643
0,89290,18806
0,84037,26429
0,63972,22404
0,69093,30583
0,52633,20161
0,49890,23867
0,80505,55428
0,226057,149857
0,234830,214568
0,221103,210174
0,216901,192355
0,180444,112201
0,0,0
0,50075,115
0,229145,645
0,233587,6527
0,233139,12340
0,228802,12509
0,112532,7936
0,164683,11584
0,177696,14514
0,139516,28544
0,111443,15768
0,107973,22299
0,81356,19635
0,78960,29498
0,58537,22759
0,82089,38297
0,239897,204088
0,264280,239015
0,254518,219429
0,247397,194726
0,78382,59779
0,74420,30192
0,139941,69305
0,0,0
0,0,0
0,0,0
0,50075,115
0,255799,773
0,240793,7654
0,249710,12601
0,222740,12809
0,196284,12232
0,208061,16444
0,162077,14101
0,154057,14908
0,122977,31115
0,239788,201574
0,263605,38463
0,290074,262058
0,297722,262403
0,286597,257789
0,319319,28800
0,298315,29450
0,281907,36751
0,188363,165120
0,10126,6348
0,0,0
0,0,0
0,0,0
0,0,0
0,50075,115
0,262894,779
0,258140,7733
0,238731,12416
0,248300,14893
0,219284,14512
0,208598,15446
0,175631,15410
0,133799,12528
0,107502,16265
0,107001,36059
0,106272,41344
0,68716,39042
0,186722,101392
0,259383,155435
0,257319,203212
0,256775,140788
0,246660,84916
0,257967,127752
0,252832,228257
0,100055,46011
0,51126,27136
0,39890,31896
0,0,0
0,0,0
0,0,0
0,0,0
0,50075,115
0,254077,715
0,247292,6550
0,244825,12516
0,235479,12977
0,219284,14512
0,208598,15446
0,159476,12749
0,134629,12438
0,113596,11563
0,88555,10623
0,68230,11735
0,68254,15199
0,105529,68013
0,243143,160730
0,254078,162191
0,245055,136401
0,230456,224569
0,225534,147551
0,154185,104968
0,153660,108049
0,56492,39602
0,90511,80291
0,54100,47770
0,48615,43040
0,2828,2775
0,0,0
0,50075,115
0,246561,698
0,248878,7670
0,239402,12431
0,243714,14901
0,219340,14835
0,208706,16668
0,162132,13204
0,142005,31763
0,254491,237617
0,241975,223095
0,254343,229702
0,247489,226870
0,239060,207321
0,247667,217580
0,275731,69937
0,255949,89908
0,252227,163532
0,261176,171707
0,282,282
0,50075,115
0,197888,528
0,209661,6434
0,248202,12579
0,244543,14770
0,219284,14512
0,189575,14352
0,178737,16614
0,162455,27705
0,118374,29384
0,98838,22452
0,137951,85014
0,87208,38519
0,138184,103862
0,251360,176619
0,239889,170800
0,238157,172432
0,242444,228244
0,182993,178984
0,248266,233232
0,240196,225698
0,102549,68203
0,74,65
0,50075,115
0,129586,435
0,134081,3985
0,209662,10255
0,221063,12420
0,212384,14310
0,189467,14052
0,162127,13804
0,150494,14193
0,101176,9503
0,87691,9734
0,90818,30647
0,54200,14047
0,110413,76171
0,246875,190321
0,256906,190446
0,249409,193997
0,264848,92890
0,257651,112699
0,244519,149628
0,241121,150153
0,151989,90482
0,204204,117923
0,94,63
0,50075,115
0,258422,750
0,255510,6620
0,255982,14070
0,251523,14964
0,219284,14512
0,207718,15281
0,177867,14819
0,136016,27511
0,215135,192936
0,261182,231777
0,268128,234431
0,271390,229649
0,266905,226046
0,274903,47580
0,262654,30552
0,166050,23673
0,108889,32232
0,11729,4461
0,18,4
0,50075,115
0,254690,718
0,257775,6633
0,246135,12543
0,251523,14964
0,219284,14512
0,208104,16161
0,177603,14354
0,140203,12124
0,136919,31764
0,101419,25967
0,257318,241701
0,268125,134615
0,249580,72401
0,264715,121917
0,206939,200811
0,159841,146953
0,268975,237868
0,257145,236626
0,242810,55828
0,16016,4201
0,359,280
0,0,0
0,50075,115
0,245774,637
0,229079,4474
0,258763,13699
0,251523,15049
0,219340,14835
0,208104,16068
0,162123,13142
0,135585,11754
0,106951,11296
0,79044,12417
0,93677,15506
0,71930,13735
0,119194,76072
0,253744,199362
0,256237,189655
0,268399,255379
0,268943,209846
0,270099,237353
0,140223,138330
0,126019,116382
0,22182,17590
0,0,0
0,0,0
0,0,0
0,0,0
0,0,0
0,0,0
0,50075,115
0,164020,498
0,168108,6257
0,264218,12876
0,251523,14964
0,219284,14512
0,208115,16484
0,161973,13835
0,136188,12426
0,112741,11118
0,89135,13949
0,88685,30827
0,58354,22436
0,113056,74212
0,258039,200952
0,255463,206676
0,269161,258758
0,269382,201040
0,252497,179006
0,261609,185729
0,258996,188788
0,70,70
0,50075,115
0,142321,403
0,136516,2857
0,258664,13699
0,251523,15049
0,219340,14835
0,208652,15713
0,159528,13008
0,134579,12488
0,113644,11776
0,89132,11402
0,68227,11713
0,69637,16034
0,91649,57128
0,56242,22266
0,52778,26541
0,38750,19935
0,250661,206578
0,139306,110059
0,275870,231960
0,4428,1503
0,116,33
0,50075,115
0,229754,645
0,211202,6434
0,207326,10229
0,248059,14905
0,219340,14835
0,208104,16068
0,162123,13142
0,135585,11754
0,106863,14821
0,104593,34373
0,159588,92610
0,266196,25273
0,278731,67685
0,261761,62609
0,251965,61698
0,266645,77038
0,263900,145390
0,268869,246221
0,264892,264643
0,259483,258335
0,19697,16661
0,0,0
0,0,0
0,0,0
0,0,0
0,0,0
0,50075,115
0,252475,734
0,251611,6574
0,252179,13604
0,251523,15049
0,219340,14835
0,208169,16767
0,162025,14105
0,149286,14207
0,107055,19486
0,247347,220968
0,244318,215244
0,151779,134538
0,151220,77221
0,263550,66738
0,275443,87920
0,272795,209677
0,279793,53913
0,264191,225356
0,2673,1416
0,0,0
0,0,0
0,0,0
0,0,0
0,50075,115
0,265527,726
0,267112,6777
0,269677,14620
0,191572,10220
0,219284,14512
0,207718,15281
0,177961,15113
0,134031,12593
0,105124,12197
0,103519,19779
0,95212,31340
0,261204,158173
0,293136,239174
0,287822,247950
0,267948,227929
0,257985,214449
0,285476,283243
0,249382,232099
0,0,0
0,50075,115
0,243935,679
0,234681,7646
0,243590,12493
0,240994,14764
0,219284,14512
0,189575,14352
0,162179,14003
0,164745,27520
0,119916,29210
0,98251,21594
0,83421,22270
0,88895,34598
0,261296,110254
0,274844,56766
0,273643,235582
0,305062,63635
0,160883,125783
0,186714,153919
0,258071,207448
0,138351,113662
0,0,0
0,0,0
0,0,0
0,0,0
0,0,0
0,50075,115
0,247049,727
0,263769,6705
0,264301,14211
0,251523,15049
0,219340,14835
0,189860,13750
0,161649,12577
0,154156,12761
0,145339,12124
0,112137,23005
0,85624,13916
0,63565,10260
0,44548,8102
0,59227,20431
0,57069,27773
0,61203,41192
0,109679,76688
0,246466,170627
0,243924,236636
0,55391,35178
0,2385,955
0,0,0
0,50075,115
0,207827,581
0,206254,4181
0,192434,9583
0,85246,6791
0,206672,13389
0,189860,13750
0,161649,12577
0,141814,28944
0,113472,20790
0,110171,26852
0,83677,21184
0,73439,24388
0,72271,33943
0,101062,67569
0,260135,150740
0,252364,159007
0,245266,213544
0,260497,233384
0,255692,165028
0,247651,164122
0,97034,92582
0,51606,47567
0,4391,4348
0,0,0
0,0,0
0,0,0
0,0,0
0,50075,115
0,250766,746
0,248644,6519
0,256082,14070
0,241627,14709
0,219340,14835
0,208158,16400
0,153305,13354
0,133877,12130
0,104124,16063
0,98647,25936
0,92808,36024
0,260912,171290
0,268433,67465
0,265462,85598
0,271577,90120
0,297038,222476
0,389,323
0,50075,115
0,259681,752
0,253810,6593
0,248979,13948
0,251523,14964
0,219284,14512
0,208221,16787
0,162120,14221
0,164975,27377
0,125067,32418
0,139365,44983
0,95300,20743
0,131329,81009
0,249811,216470
0,266764,260119
0,259049,99213
0,261705,213296
0,285147,209951
0,279568,199805
0,259678,74334
0,123345,41023
0,188,12
0,50075,115
0,214399,594
0,164480,4011
0,237832,13281
0,226794,12566
0,219284,14512
0,189467,14052
0,178173,15957
0,141157,30944
0,130649,28587
0,103332,25118
0,88841,22348
0,81049,22697
0,88308,35396
0,43240,15096
0,53554,35208
0,188051,106041
0,233813,132408
0,159885,119734
0,248925,231294
0,265926,235685
0,211650,207726
0,145493,144332
0,103625,102470
0,0,0
0,0,0
0,0,0
0,0,0
0,0,0
0,50075,115
0,259693,722
0,256013,6622
0,255978,12693
0,251138,14955
0,219284,14512
0,208221,16787
0,109879,8289
0,134114,13055
0,107799,16697
0,101643,25863
0,76289,19137
0,86797,33583
0,90903,43934
0,68568,34717
0,255521,143824
0,264230,103747
0,277272,219999
0,269549,205226
0,248109,187044
0,10714,8824
0,23,23
0,50075,115
0,247159,713
0,69434,2547
0,233848,12294
0,223821,12820
0,219284,14512
0,208598,15446
0,178790,15231
0,151153,14326
0,114411,11689
0,95605,20954
0,90868,29689
0,71990,17720
0,38154,11288
0,56113,20870
0,38645,15493
0,37500,16054
0,67129,40409
0,200210,124802
0,182739,116967
0,105713,61843
0,107050,63846
0,99869,64220
0,54690,36897
0,13004,9179
0,3320,1919
0,0,0
0,0,0
0,0,0
0,50075,115
0,256131,773
0,225428,7626
0,250807,12635
0,234087,13615
0,219340,14835
0,208706,16668
0,162132,13204
0,154421,13720
0,117615,21307
0,260128,202789
0,262334,194967
0,246804,183188
0,248754,188168
0,268524,67198
0,249365,104895
0,257891,110828
0,255489,106387
0,255286,210456
0,243703,187747
0,97577,47386
0,6,6
0,50075,115
0,237380,665
0,204852,7495
0,145439,5735
0,168433,9828
0,153527,9951
0,189860,13750
0,161587,12353
0,150354,14076
0,100846,9794
0,88503,11293
0,91665,32099
0,77248,27573
0,259044,135347
0,252009,142962
0,259682,141652
0,236913,133196
0,247210,120316
0,157264,89016
0,254438,164477
0,216018,159910
0,129683,89231
0,78187,55361
0,0,0
0,0,0
0,0,0
0,0,0
0,50075,115
0,250600,769
0,248337,7670
0,252558,12696
0,247419,14975
0,219340,14835
0,208706,16668
0,140681,12241
0,135140,13462
0,112571,11847
0,95427,24005
0,70107,17794
0,72735,31239
0,77559,40225
0,61712,30686
0,252384,185947
0,241478,100586
0,257155,189873
0,269958,182713
0,273027,73282
0,35095,22627
0,0,0
0,0,0
0,0,0
0,50075,115
0,254299,716
0,262522,6726
0,257452,12723
0,251523,14964
0,219284,14512
0,208115,16484
0,161973,13835
0,136188,12426
0,112741,11118
0,89135,13949
0,90863,35597
0,124077,82733
0,247613,187584
0,279886,270056
0,134228,106242
0,205544,135571
0,265133,127585
0,278635,121528
0,240894,138440
0,238308,131205
0,175452,140200
0,0,0
0,0,0
0,0,0
0,0,0
0,0,0
0,0,0
0,50075,115
0,257279,773
0,263281,7743
0,257351,12771
0,251523,15049
0,219340,14835
0,208158,16400
0,177655,14581
0,136010,25308
0,96649,15112
0,115596,28621
0,66799,11365
0,49625,9519
0,71047,22346
0,83031,42401
0,94185,63382
0,132768,94459
0,111894,103423
0,269256,180993
0,275265,198286
0,271800,194273
0,223970,144525
0,87019,68579
0,59224,35480
0,35680,15935
0,0,0
0,0,0
0,0,0
0,50075,115
0,233391,638
0,243072,6411
0,246101,13941
0,230237,14071
0,219284,14512
0,208104,16161
0,177603,14354
0,140203,12124
0,136919,31764
0,101419,25967
0,251096,229826
0,266802,30565
0,238800,28721
0,233299,50447
0,300098,277723
0,281446,24097
0,278589,48297
0,262761,67849
0,206904,72707
0,128,104
0,6,6
0,50075,115
0,247652,713
0,254411,6605
0,262415,13755
0,251523,14964
0,219284,14512
0,207718,15281
0,177867,14819
0,136016,27511
0,224804,199689
0,125542,112346
0,148963,130464
0,142314,120886
0,247211,212631
0,242588,207718
0,250145,55686
0,253485,68225
0,247475,176171
0,151443,101747
0,229384,145857
0,238400,151744
0,162814,71368
0,140100,72657
0,0,0
0,0,0
0,50075,115
0,252586,714
0,253863,6595
0,245428,12534
0,216445,12669
0,219284,14512
0,133762,9606
0,161973,13835
0,136188,12426
0,112741,11118
0,89135,13949
0,88685,30827
0,58354,22436
0,113056,74212
0,224365,173266
0,215399,178606
0,255893,246777
0,253014,188852
0,243637,172330
0,214414,150475
0,16745,13919
0,40,40
0,50075,115
0,184391,519
0,125134,3898
0,216193,10329
0,251523,14964
0,219284,14512
0,208169,16856
0,162129,14278
0,149286,14296
0,112844,11643
0,89290,18806
0,84037,26429
0,63972,22404
0,69093,30583
0,52633,20161
0,49890,23867
0,80505,55428
0,144850,105713
0,268357,148939
0,273345,195257
0,266331,111191
0,244,64
0,50075,115
0,264275,754
0,261426,6685
0,259768,14129
0,251523,14964
0,219284,14512
0,208598,15446
0,159476,12749
0,134629,12438
0,113596,11563
0,97880,24475
0,85047,27859
0,84880,36599
0,79736,43617
0,286990,184699
0,141128,127744
0,188247,164580
0,145409,139349
0,13262,12887
0,681,668
0,11,11
0,50075,115
0,161277,428
0,148394,3784
0,143116,9264
0,248059,14920
0,219340,14835
0,189860,13750
0,177696,14514
0,139516,28544
0,111443,15768
0,107973,22299
0,81356,19635
0,78960,29498
0,58537,22759
0,82089,38297
0,242561,208958
0,274178,238821
0,270353,141864
0,265487,124973
0,251342,218371
0,0,0
0,0,0
0,0,0
0,50075,115
0,259096,776
0,257871,7733
0,266093,14255
0,251523,15049
0,219340,14835
0,208158,16400
0,177655,14581
0,136010,25308
0,96649,15112
0,115596,28621
0,85755,23856
0,76079,25369
0,255690,224595
0,269148,57824
0,264927,73776
0,267273,70934
0,270830,123788
0,249437,93995
0,233789,193466
0,146626,81090
0,137241,135665
0,0,0
0,50075,115
0,238441,668
0,228858,7631
0,242819,12480
0,237207,14678
0,219284,14512
0,207718,15281
0,177867,14819
0,136016,27511
0,257067,237400
0,261935,235585
0,253230,223245
0,261412,227580
0,262886,33517
0,271050,54784
0,254611,50399
0,249452,62996
0,237423,51704
0,241435,72637
0,248237,183181
0,151733,106540
0,79235,54962
0,16003,12090
0,29309,21085
0,0,0
0,0,0
0,50075,115
0,255193,773
0,245485,7663
0,261720,12840
0,251523,15049
0,219340,14835
0,208223,17101
0,162077,14314
0,149336,14507
0,112892,11848
0,89391,18862
0,82585,25225
0,62951,21508
0,66728,27732
0,51247,18072
0,67385,44753
0,230902,172527
0,142378,109014
0,202339,159109
0,165531,130968
0,88844,85231
0,45587,45504
0,256109,251432
0,225,225
0,50075,115
0,259415,745
0,266397,6737
0,260121,12766
0,251523,14964
0,219284,14512
0,208104,16161
0,177603,14354
0,136010,25464
0,124031,21733
0,120806,38040
0,98218,32143
0,124809,81804
0,60840,21845
0,90160,57135
0,207210,138925
0,140949,92144
0,135943,95064
0,119412,81625
0,196482,137332
0,67323,42540
0,50027,34433
0,73830,64952
0,74118,49291
0,19820,12689
0,17876,13623
0,0,0
0,50075,115
0,240429,668
0,135749,6218
0,213407,10299
0,251523,15049
0,219340,14835
0,208158,16400
0,177655,14581
0,136010,25308
0,96649,15112
0,115596,28621
0,85755,23856
0,76079,25369
0,259880,213902
0,301736,68110
0,291246,75072
0,148300,44529
0,213538,72276
0,197827,72084
0,239086,93153
0,234415,105804
0,229592,109382
0,222182,113027
0,221928,163643
0,4763,1786
0,0,0
0,0,0
0,0,0
0,0,0
0,50075,115
0,185166,519
0,162619,6189
0,244825,12516
0,244059,14757
0,219284,14512
0,208115,16484
0,161973,13835
0,136188,12426
0,112741,11118
0,89135,13949
0,90863,35597
0,124077,82733
0,257962,192425
0,267167,257393
0,189532,145021
0,247374,165515
0,259783,125883
0,274456,118510
0,249629,142461
0,238308,131205
0,175452,140200
0,0,0
0,0,0
0,50075,115
0,197309,547
0,214890,4278
0,258218,12742
0,251523,15049
0,219340,14835
0,208223,17101
0,159533,13514
0,149339,14241
0,102544,11724
0,109467,28227
0,98144,30280
0,66751,22337
0,67256,26952
0,48353,19527
0,36351,16684
0,27323,14670
0,53714,39036
0,69429,45140
0,220050,92903
0,213151,177432
0,125400,97475
0,265539,217150
0,0,0
0,0,0
0,0,0
0,0,0
0,0,0
0,50075,115
0,261000,752
0,218734,4332
0,268278,14273
0,251523,14964
0,219284,14512
0,207718,15281
0,177961,15113
0,137228,11872
0,106929,12734
0,108479,33497
0,120712,45143
0,254541,218593
0,244356,194643
0,252004,125550
0,265824,80640
0,243418,93640
0,246084,196221
0,217716,150003
0,153812,100758
0,128635,113739
0,42971,20563
0,0,0
0,0,0
0,50075,115
0,247220,698
0,235390,7646
0,232667,12314
0,232853,13094
0,219340,14835
0,189629,14612
0,178789,16856
0,162505,27936
0,118384,29328
0,97311,21192
0,83018,22134
0,130395,86761
0,121810,85915
0,67036,40270
0,62403,41497
0,61023,45662
0,176575,121593
0,106461,83201
0,246957,227844
0,245799,169057
0,58594,30375
0,4321,2396
0,1363,808
0,0,0
0,0,0
0,0,0
0,50075,115
0,248400,729
0,262202,6688
0,256378,14078
0,251523,15049
0,219340,14835
0,208223,17101
0,162077,14314
0,136288,12965
0,112741,11451
0,95697,21889
0,86134,29256
0,66841,26581
0,73542,34126
0,244485,197881
0,271846,81679
0,264074,154104
0,255734,136270
0,262043,161981
0,1613,1148
0,11,0
0,50075,115
0,247750,713
0,177319,4077
0,250481,12609
0,250037,15028
0,219340,14835
0,208652,15713
0,159528,13008
0,134579,12488
0,113644,11776
0,89132,11402
0,76071,12997
0,69707,22148
0,53383,18830
0,52256,22535
0,53464,27522
0,85068,61508
0,195989,117805
0,271287,177186
0,260783,171036
0,252502,178410
0,74604,53305
0,44,37
0,50075,115
0,262089,752
0,251169,6565
0,253486,13982
0,206473,12243
0,114958,7940
0,205708,16981
0,159533,13514
0,135801,12329
0,105284,11495
0,79774,11342
0,87019,14515
0,76597,24914
0,52781,16691
0,48385,23784
0,249634,195973
0,275894,139008
0,253194,100807
0,269752,143327
0,263935,168372
0,253679,161348
0,156288,96670
0,156,54
0,50075,115
0,267550,754
0,260008,6664
0,254140,14015
0,248368,14927
0,219340,14835
0,208652,15713
0,159528,13008
0,134579,12488
0,113644,11776
0,89132,11402
0,68227,11713
0,69637,16034
0,91649,57128
0,56242,22266
0,52778,26541
0,38750,19935
0,68560,35509
0,259396,196828
0,11,11
0,50075,115
0,252815,770
0,246420,7666
0,249213,12583
0,251523,14964
0,219284,14512
0,208061,16444
0,162077,14101
0,154057,14908
0,122977,31115
0,134469,41372
0,109977,43046
0,114309,36167
0,237771,200613
0,284160,247937
0,265714,41334
0,262208,72718
0,167098,49507
0,140210,43166
0,221603,90613
0,146,126
0,50075,115
0,248838,738
0,254468,6604
0,260965,14152
0,247508,14819
0,219284,14512
0,207718,15281
0,177867,14819
0,136016,27511
0,255343,227143
0,242457,216283
0,243943,200030
0,250641,218250
0,252468,207283
0,266165,236933
0,254070,251654
0,268497,238233
0,250603,84323
0,144848,45893
0,211292,156896
0,23893,2598
0,0,0
0,0,0
0,0,0
0,0,0
0,0,0
0,0,0
0,0,0
0,50075,115
0,260286,752
0,268987,6759
0,246446,13941
0,249868,14881
0,129388,9747
0,171895,14826
0,158970,13924
0,132982,12828
0,104074,11649
0,97170,15727
0,266764,197870
0,298853,24108
0,257657,50124
0,272365,43576
0,267690,51609
0,273695,59965
0,253902,67070
0,248488,113536
0,244227,151771
0,161138,95541
0,157,108
0,50075,115
0,229801,609
0,267159,6747
0,249566,13559
0,232692,12727
0,219284,14512
0,208169,16856
0,162129,14278
0,149286,14296
0,112844,11643
0,89290,18806
0,84037,26429
0,72370,23832
0,57124,22471
0,60256,27027
0,44084,19729
0,58533,41063
0,29733,16830
0,136130,80051
0,241653,92560
0,238840,115347
0,42218,29844
0,274,108
0,7,7
0,50075,115
0,261405,749
0,248964,6539
0,252291,13612
0,251523,14964
0,219284,14512
0,189467,14052
0,162075,13518
0,129244,16538
0,125446,26653
0,99691,27193
0,78942,26699
0,102910,42940
0,77355,36741
0,84403,47479
0,267529,86807
0,191157,152433
0,243673,69664
0,191942,149232
0,63939,45947
0,0,0
0,0,0
0,50075,115
0,262121,723
0,254960,6613
0,245649,12535
0,251523,14964
0,219284,14512
0,189575,14352
0,177944,14722
0,136557,11703
0,112684,11211
0,94086,20161
0,75600,25297
0,83524,37435
0,59110,27853
0,97844,67366
0,85623,64616
0,198971,165326
0,252884,200814
0,263561,203504
0,201736,172348
0,123036,113783
0,242801,234407
0,131528,126877
0,92305,78914
0,0,0
0,0,0
0,0,0
0,50075,115
0,261571,777
0,242436,7658
0,223916,10498
0,251523,15049
0,219340,14835
0,189521,14327
0,178729,16117
0,162149,27330
0,123366,22947
0,91424,13432
0,78826,15588
0,51160,14484
0,64978,26556
0,62375,32778
0,59808,37524
0,73309,53124
0,33194,22276
0,22800,14164
0,153583,92678
0,131102,78212
0,182296,98568
0,75181,61575
0,41820,40525
0,0,0
0,0,0
0,50075,115
0,263818,723
0,256290,6623
0,250381,12602
0,251523,14964
0,219284,14512
0,208598,15446
0,175631,15410
0,133799,12528
0,107502,16265
0,107001,36059
0,123358,75776
0,149148,113776
0,273363,153628
0,258445,154549
0,286489,58062
0,277220,251610
0,272080,234466
0,264001,224297
0,257729,152192
0,150455,135849
0,0,0
0,0,0
0,50075,115
0,257269,737
0,269038,6759
0,256487,13670
0,251523,15049
0,219340,14835
0,189629,14612
0,162127,14028
0,150804,15099
0,101512,11116
0,91893,15838
0,83883,20406
0,80599,32046
0,109080,69475
0,74814,49170
0,29372,11622
0,40570,23045
0,29268,18164
0,226754,176369
0,254895,114003
0,248635,172244
0,199139,142162
0,36108,34775
0,35415,33509
0,0,0
0,0,0
0,50075,115
0,250594,713
0,142631,4152
0,233159,12333
0,251523,14964
0,219284,14512
0,208598,15446
0,161608,12198
0,136023,23932
0,119408,19387
0,126384,25686
0,254198,232561
0,271141,82852
0,275038,65826
0,257446,73455
0,252585,89163
0,265692,92573
0,229487,81752
0,249717,184922
0,162767,116996
0,52133,51371
0,808,738
0,0,0
0,50075,115
0,248779,769
0,240895,7654
0,245750,12523
0,229285,12947
0,219284,14512
0,207718,15281
0,177961,15113
0,137228,11872
0,115154,24702
0,87268,20278
0,80554,22811
0,93074,29312
0,67606,26875
0,56799,23156
0,34169,12353
0,36058,20209
0,39960,21936
0,221539,168456
0,243699,223579
0,199575,190191
0,188073,136805
0,46259,24860
0,0,0
0,0,0
0,0,0
0,0,0
0,0,0
0,50075,115
0,135362,390
0,126069,2709
0,209930,12521
0,250145,14976
0,219340,14835
0,208158,16400
0,177646,14447
0,137691,12761
0,105837,11592
0,107247,32610
0,91951,33063
0,85161,34687
0,260188,222521
0,260460,215815
0,248228,200105
0,255607,153874
0,252640,112754
0,266,241
0,50075,115
0,227588,633
0,236774,6326
0,237199,12066
0,248214,14830
0,219284,14512
0,208608,17089
0,162034,13871
0,129107,17584
0,113319,25641
0,104862,24709
0,77972,22149
0,63530,15648
0,62546,20423
0,222496,191352
0,262258,54129
0,262139,92766
0,252898,94064
0,0,0
0,50075,115
0,139146,399
0,246136,6448
0,258125,14105
0,250145,14892
0,219284,14512
0,208608,17089
0,157799,13078
0,139903,11857
0,127325,13134
0,86434,11547
0,78567,17937
0,65029,15441
0,110215,72960
0,260270,201408
0,249580,170962
0,253997,175647
0,254306,56365
0,101401,86993
0,2575,2183
0,27,24
0,50075,115
0,131606,389
0,176163,2992
0,260965,14152
0,251523,14964
0,219284,14512
0,208104,16161
0,177603,14354
0,136010,25464
0,128117,28208
0,93358,16804
0,88029,28630
0,73157,33557
0,116560,78628
0,263621,206293
0,250324,181744
0,244209,173133
0,243937,161411
0,242372,102176
0,247873,207635
0,206260,92572
0,66887,34202
0,0,0
0,0,0
0,50075,115
0,185242,533
0,221429,4371
0,213870,12637
0,137060,7998
0,64870,4887
0,208706,16668
0,162132,13204
0,154421,13720
0,78863,8480
0,246703,197748
0,255364,187213
0,260913,197340
0,246305,185625
0,251379,71763
0,286443,237081
0,280750,220476
0,242598,172378
0,246597,175683
0,239597,162849
0,128,128
0,50075,115
0,135014,417
0,123325,6073
0,228794,10575
0,251523,15049
0,219340,14835
0,208104,16068
0,162123,13142
0,135585,11754
0,112800,11311
0,87149,11000
0,59136,8986
0,67700,13658
0,53337,12960
0,57903,24908
0,51189,24396
0,35596,16923
0,23805,12615
0,158626,87855
0,263920,131684
0,242177,143037
0,202884,174014
0,241248,175972
0,148434,94107
0,24956,16328
0,5990,3773
0,0,0
0,0,0
0,0,0
0,0,0
0,50075,115
0,174542,480
0,214117,7606
0,263599,12872
0,244959,14839
0,219284,14512
0,208115,16484
0,161973,13835
0,136188,12426
0,112741,11118
0,89135,13949
0,88685,30827
0,58354,22436
0,113056,74212
0,262960,200446
0,256818,185960
0,259790,249170
0,260742,196490
0,248929,173946
0,243452,167843
0,252676,185685
0,0,0
0,50075,115
0,259354,752
0,259237,6654
0,261402,14161
0,250950,14898
0,219284,14512
0,208169,16856
0,162129,14278
0,149286,14296
0,112844,11643
0,89290,18806
0,84037,26429
0,63972,22404
0,69093,30583
0,52633,20161
0,49890,23867
0,80505,55428
0,144850,105713
0,272306,142366
0,266173,230158
0,266990,126072
0,43364,26965
0,774,430
0,0,0
0,50075,115
0,262650,752
0,254581,6605
0,257691,14104
0,248489,14832
0,219284,14512
0,208608,17089
0,157799,13078
0,139903,11857
0,127325,13134
0,86434,11547
0,77149,16160
0,64582,24286
0,68866,30455
0,45981,15893
0,47940,21789
0,51329,25863
0,23142,9076
0,15109,6066
0,18053,7371
0,43934,29512
0,102319,59225
0,40972,28340
0,85813,54612
0,47521,27898
0,31613,18699
0,4205,2576
0,0,0
0,0,0
0,0,0
0,0,0
0,50075,115
0,257885,775
0,256945,7733
0,254478,12728
0,251523,14964
0,219284,14512
0,208608,17089
0,159638,14590
0,132975,12670
0,114582,27085
0,94021,20954
0,73858,22450
0,270985,72053
0,271648,117535
0,278346,226442
0,273903,191993
0,287565,214936
0,224302,88992
0,94862,37248
0,27390,10611
0,531,279
0,10,1
0,50075,115
0,255129,718
0,255622,6620
0,257083,12724
0,251523,14964
0,219284,14512
0,189575,14352
0,162337,12749
0,129900,15897
0,132669,42259
0,148438,56085
0,123985,50323
0,86804,38800
0,66010,31502
0,57403,28139
0,253769,172162
0,276562,242001
0,280768,153338
0,55848,9844
0,203,23
0,50075,115
0,258986,776
0,249091,7670
0,243360,12489
0,246103,14851
0,219284,14512
0,208061,16444
0,162077,14101
0,154057,14908
0,122977,31115
0,134469,41372
0,109977,43046
0,258364,209981
0,249987,190025
0,162655,132026
0,187828,111290
0,271826,221065
0,27426,4793
0,16596,4038
0,67776,25849
0,28812,11544
0,0,0
0,0,0
0,0,0
0,0,0
0,50075,115
0,259964,745
0,241712,6451
0,261768,13746
0,251523,15049
0,219340,14835
0,208706,16668
0,129232,10833
0,121210,10870
0,124094,20360
0,128419,37816
0,94363,35308
0,136917,94817
0,270011,204311
0,275656,232425
0,262965,183111
0,270118,255439
0,255902,175749
0,245763,119788
0,132927,82921
0,125650,76713
0,134020,74996
0,86594,61178
0,24209,12462
0,17656,10033
0,0,0
0,0,0
0,50075,115
0,264095,750
0,218622,4331
0,266137,12871
0,251523,14964
0,219284,14512
0,208115,16484
0,178022,14976
0,135252,26791
0,269451,241894
0,263341,192152
0,268129,174750
0,257235,196785
0,262104,200923
0,260808,203011
0,258484,182699
0,247318,58853
0,258977,206844
0,241963,174880
0,235707,163379
0,186026,117587
0,279,226
0,50075,115
0,261850,750
0,259348,6657
0,249933,13569
0,235070,12758
0,219340,14835
0,189860,13750
0,161649,12577
0,154104,12658
0,107833,11627
0,104969,28926
0,92240,28275
0,86931,36400
0,253429,127887
0,271393,63904
0,261409,63078
0,238319,60000
0,276301,72240
0,269448,86313
0,265379,85636
0,252197,114309
0,216714,176673
0,68839,61794
0,24541,21115
0,383,262
0,0,0
0,50075,115
0,260471,776
0,246096,7666
0,253441,12711
0,251523,15049
0,219340,14835
0,189521,14327
0,162389,13152
0,136543,12012
0,138463,24080
0,103670,28288
0,94566,33586
0,72107,21040
0,64432,26303
0,44402,16727
0,66093,43136
0,63320,38669
0,59731,40915
0,92441,52652
0,81533,56327
0,254279,105392
0,130261,61373
0,229028,174362
0,52964,30383
0,757,318
0,0,0
0,0,0
0,50075,115
0,255937,749
0,261321,6678
0,261789,14170
0,251523,15049
0,219340,14835
0,189629,14612
0,162127,14028
0,150804,15099
0,101512,11116
0,91893,15838
0,90594,30117
0,86151,28011
0,66144,20982
0,99932,63226
0,54512,29256
0,249890,142409
0,270405,135674
0,271168,158735
0,39033,28587
0,2716,1673
0,245,187
0,50075,115
0,140376,420
0,145953,6236
0,110551,4697
0,210400,12634
0,219340,14835
0,189521,14327
0,178725,15118
0,162516,26055
0,122876,30935
0,112924,37192
0,90407,25175
0,76479,25739
0,129415,91055
0,254734,212059
0,258934,213987
0,257835,242578
0,264363,247619
0,247917,231601
0,202815,183019
0,186,186
0,50075,115
0,144320,421
0,255842,7728
0,270220,14662
0,251523,15049
0,219340,14835
0,189860,13750
0,177696,14514
0,136482,26080
0,143247,31158
0,98991,25189
0,84214,26881
0,72780,29169
0,68735,31221
0,272255,144699
0,280724,74381
0,277687,81879
0,228570,67239
0,158464,63364
0,253671,153285
0,219147,97222
0,5685,4459
0,1066,880
0,0,0
0,50075,115
0,262386,752
0,253363,6590
0,259225,14118
0,248966,14860
0,219284,14512
0,208061,16444
0,162077,14101
0,154057,14908
0,128733,39997
0,129587,40356
0,61643,14285
0,77752,24492
0,69944,30058
0,97166,66206
0,261327,220918
0,272032,265404
0,260289,248849
0,275132,263960
0,259434,258719
0,13173,13173
0,30,30
0,50075,115
0,273631,761
0,263296,6700
0,254461,13636
0,251523,14964
0,219284,14512
0,208608,17089
0,159638,14590
0,132975,12670
0,114582,27085
0,108416,28742
0,91679,36554
0,71648,32625
0,53759,20718
0,41410,20195
0,48699,25353
0,37938,20253
0,39776,23790
0,50133,33331
0,25304,16000
0,34436,20856
0,11559,7642
0,13945,9325
0,58703,40801
0,18090,11190
0,10031,5513
0,0,0
0,0,0
0,0,0
0,0,0
0,50075,115
0,181673,514
0,231938,6523
0,183606,9027
0,219538,12377
0,219284,14512
0,189575,14352
0,178841,16756
0,134925,13134
0,112754,11236
0,95905,23955
0,76484,24584
0,76985,28864
0,94680,61735
0,50646,21357
0,33765,13392
0,33250,17575
0,26758,12885
0,35719,25081
0,100342,62454
0,249575,149643
0,98921,49968
0,137727,76272
0,139000,98846
0,0,0
0,0,0
0,0,0
0,50075,115
0,267107,754
0,265793,6730
0,254631,12679
0,251523,15049
0,219340,14835
0,208169,16767
0,159481,13206
0,128196,17417
0,120528,31989
0,110582,39188
0,114268,40564
0,87592,39562
0,58928,17976
0,70118,29024
0,91399,67245
0,193204,118394
0,276595,185790
0,282910,209606
0,272334,171402
0,158602,91586
0,149775,85227
0,37990,20415
0,0,0
0,0,0
0,0,0
0,0,0
