worker,game,seed,opening_row,opening_col,opening_grid,opening_cell,starting_player,winner,failure_player,reason,plies,trace_hash,win_type,p0_dfs_failed,p1_dfs_failed,p0_dfs_failed_primary,p0_dfs_failed_narrow,p1_dfs_failed_primary,p1_dfs_failed_narrow,p0_stats_present,p0_search_us,p0_positions_scored,p0_cache_hits,p1_stats_present,p1_search_us,p1_positions_scored,p1_cache_hits
1,0,20261001,4,4,4,4,0,0,-1,played,53,db672509a1e12da9,3iar,0,0,0,0,0,0,1,2028060,1336267,83758,0,0,0,0
1,1,20261002,1,0,0,3,1,1,-1,played,45,3ae7d1947b4531a0,3iar,0,0,0,0,0,0,1,2619383,1476941,42569,0,0,0,0
1,2,20261003,4,4,4,4,0,0,-1,played,55,7cec9a5a20f8e5ca,3iar,0,0,0,0,0,0,1,2102619,1427162,127433,0,0,0,0
1,3,20261004,1,0,0,3,1,1,-1,played,57,7cbefd6381aa7bdb,3iar,0,0,0,0,0,0,1,2897057,1754454,107582,0,0,0,0
1,4,20261005,4,4,4,4,0,0,-1,played,37,0481d1fb89f92564,3iar,0,0,0,0,0,0,1,1531192,1083215,36740,0,0,0,0
1,5,20261006,1,0,0,3,1,1,-1,played,45,4c707f04c2096e2e,3iar,0,0,0,0,0,0,1,2445596,1582988,37801,0,0,0,0
1,6,20261007,4,4,4,4,0,1,-1,played,40,27ab60aab45ea4f6,3iar,0,0,0,0,0,0,1,1498686,1087282,49161,0,0,0,0
1,7,20261008,1,0,0,3,1,0,-1,played,46,0636b30e4be785c6,3iar,0,0,0,0,0,0,1,2612148,1715085,78856,0,0,0,0
1,8,20261009,4,4,4,4,0,0,-1,played,55,0d32f822131fe0c5,3iar,0,0,0,0,0,0,1,1984723,1221939,58431,0,0,0,0
1,9,20261010,1,0,0,3,1,1,-1,played,45,a92cf0091491fed6,3iar,0,0,0,0,0,0,1,2625354,1550669,70557,0,0,0,0
1,10,20261011,4,4,4,4,0,0,-1,played,49,efd4c330d7823936,3iar,0,0,0,0,0,0,1,1891734,1285541,76585,0,0,0,0
1,11,20261012,1,0,0,3,1,0,-1,played,44,354f62aaa227002f,3iar,0,0,0,0,0,0,1,2688798,1813806,103663,0,0,0,0
1,12,20261013,4,4,4,4,0,1,-1,played,48,8a87a4773061c965,3iar,0,0,0,0,0,0,1,1860650,1256115,58767,0,0,0,0
1,13,20261014,1,0,0,3,1,0,-1,played,46,42554ecefcbe7703,3iar,0,0,0,0,0,0,1,2794332,1521153,149379,0,0,0,0
1,14,20261015,4,4,4,4,0,0,-1,played,39,3d5927cc6f031efe,3iar,0,0,0,0,0,0,1,1621062,1042045,40810,0,0,0,0
1,15,20261016,1,0,0,3,1,2,-1,played,52,ac0070d79f735a56,draw,0,0,0,0,0,0,1,2929459,1620713,165199,0,0,0,0
1,16,20261017,4,4,4,4,0,0,-1,played,49,206606a200449641,3iar,0,0,0,0,0,0,1,1729974,1264845,55155,0,0,0,0
1,17,20261018,1,0,0,3,1,0,-1,played,46,41578fc99563295e,3iar,0,0,0,0,0,0,1,2613300,1552805,64990,0,0,0,0
1,18,20261019,4,4,4,4,0,0,-1,played,62,76ddd6db8196f6f8,count,0,0,0,0,0,0,1,2365042,1402336,149870,0,0,0,0
1,19,20261020,1,0,0,3,1,2,-1,played,57,7f2a2f014a28adb4,draw,0,0,0,0,0,0,1,3217906,1746994,427993,0,0,0,0
1,20,20261021,4,4,4,4,0,0,-1,played,45,47c5d2322354bbe9,3iar,0,0,0,0,0,0,1,1668615,1109511,107292,0,0,0,0
1,21,20261022,1,0,0,3,1,0,-1,played,50,c27b5ee8c71c6a5a,3iar,0,0,0,0,0,0,1,2704453,1583929,54669,0,0,0,0
1,22,20261023,4,4,4,4,0,0,-1,played,55,e48dd5c09d5306ed,3iar,0,0,0,0,0,0,1,2096201,1280186,75370,0,0,0,0
1,23,20261024,1,0,0,3,1,0,-1,played,52,44831dc4ef6f0cb6,3iar,0,0,0,0,0,0,1,2974180,1617569,91450,0,0,0,0
1,24,20261025,4,4,4,4,0,1,-1,played,44,9dd430f40de0a9c0,3iar,0,0,0,0,0,0,1,1623864,1214912,96825,0,0,0,0
2,0,21261001,4,4,4,4,0,2,-1,played,59,f9e1c5e373a771a1,draw,0,0,0,0,0,0,1,2611485,1449968,304898,0,0,0,0
2,1,21261002,1,0,0,3,1,1,-1,played,47,a64a95227b88d92c,3iar,0,0,0,0,0,0,1,2616926,1598141,55689,0,0,0,0
2,2,21261003,4,4,4,4,0,0,-1,played,49,ab951eeeac25cd22,3iar,0,0,0,0,0,0,1,1866595,1314498,132504,0,0,0,0
2,3,21261004,1,0,0,3,1,1,-1,played,49,aa9bacbc700781ac,3iar,0,0,0,0,0,0,1,2538985,1560546,61417,0,0,0,0
2,4,21261005,4,4,4,4,0,0,-1,played,47,6d50fbca34324ff7,count,0,0,0,0,0,0,1,1718849,1199886,109677,0,0,0,0
2,5,21261006,1,0,0,3,1,0,-1,played,46,a7a5cf6868ca5900,3iar,0,0,0,0,0,0,1,2445522,1590526,66129,0,0,0,0
2,6,21261007,4,4,4,4,0,1,-1,played,48,47ce743a9311f8d3,3iar,0,0,0,0,0,0,1,1764080,1140044,40361,0,0,0,0
2,7,21261008,1,0,0,3,1,0,-1,played,42,2c1466159eb4a0cc,3iar,0,0,0,0,0,0,1,2444052,1595257,46668,0,0,0,0
2,8,21261009,4,4,4,4,0,1,-1,played,56,f7f5e37183c2a1cf,3iar,0,0,0,0,0,0,1,2108085,1259205,179845,0,0,0,0
2,9,21261010,1,0,0,3,1,2,-1,played,54,f9e12af784eb0b41,draw,0,0,0,0,0,0,1,3241123,1660218,268219,0,0,0,0
2,10,21261011,4,4,4,4,0,0,-1,played,41,ade72e477cad06f5,3iar,0,0,0,0,0,0,1,1535880,987511,42606,0,0,0,0
2,11,21261012,1,0,0,3,1,1,-1,played,45,749b2be6117435f1,3iar,0,0,0,0,0,0,1,2348690,1535857,58365,0,0,0,0
2,12,21261013,4,4,4,4,0,1,-1,played,52,38d4a4ddb689ad8e,3iar,0,0,0,0,0,0,1,2061780,1422377,49340,0,0,0,0
2,13,21261014,1,0,0,3,1,0,-1,played,44,c8c97e675f6328ce,3iar,0,0,0,0,0,0,1,2613286,1498943,77512,0,0,0,0
2,14,21261015,4,4,4,4,0,2,-1,played,56,f327a6e066700dfd,draw,0,0,0,0,0,0,1,2431305,1239084,240686,0,0,0,0
2,15,21261016,1,0,0,3,1,0,-1,played,44,b56f7ed362f929d7,3iar,0,0,0,0,0,0,1,2611730,1726061,67736,0,0,0,0
2,16,21261017,4,4,4,4,0,0,-1,played,57,f4508eaae2475ec0,3iar,0,0,0,0,0,0,1,2127413,1343561,68213,0,0,0,0
2,17,21261018,1,0,0,3,1,0,-1,played,46,f49a420f944c6117,3iar,0,0,0,0,0,0,1,2708217,1619545,75771,0,0,0,0
2,18,21261019,4,4,4,4,0,0,-1,played,53,eea17a3519575c3d,count,0,0,0,0,0,0,1,2094905,1431577,128208,0,0,0,0
2,19,21261020,1,0,0,3,1,0,-1,played,50,250dd190aff464ac,3iar,0,0,0,0,0,0,1,2971304,1982457,138660,0,0,0,0
2,20,21261021,4,4,4,4,0,2,-1,played,57,7ae84061cf7df992,draw,0,0,0,0,0,0,1,2306362,1260260,140403,0,0,0,0
2,21,21261022,1,0,0,3,1,0,-1,played,42,78467f8fc8c077bc,3iar,0,0,0,0,0,0,1,2529298,1445291,58534,0,0,0,0
2,22,21261023,4,4,4,4,0,0,-1,played,45,0240b61e7dbbb9d3,3iar,0,0,0,0,0,0,1,1721004,1053411,29482,0,0,0,0
2,23,21261024,1,0,0,3,1,0,-1,played,50,2c86ee8db3dc2590,3iar,0,0,0,0,0,0,1,2556988,1392745,43886,0,0,0,0
2,24,21261025,4,4,4,4,0,0,-1,played,53,df88e8bfb57ae602,3iar,0,0,0,0,0,0,1,2125517,1441261,146230,0,0,0,0
3,0,22261001,4,4,4,4,0,0,-1,played,43,d9012bd843d44a93,3iar,0,0,0,0,0,0,1,1822227,1279347,46254,0,0,0,0
3,1,22261002,1,0,0,3,1,0,-1,played,50,35036dd88451fd71,3iar,0,0,0,0,0,0,1,2720713,1552606,101494,0,0,0,0
3,2,22261003,4,4,4,4,0,1,-1,played,50,c018f711f189bdb6,3iar,0,0,0,0,0,0,1,1915165,1284175,49366,0,0,0,0
3,3,22261004,1,0,0,3,1,1,-1,played,47,7128fa567d02ce0e,3iar,0,0,0,0,0,0,1,2626836,1650092,70081,0,0,0,0
3,4,22261005,4,4,4,4,0,0,-1,played,55,fa11447d1ea5ec43,count,0,0,0,0,0,0,1,2075805,1409880,100109,0,0,0,0
3,5,22261006,1,0,0,3,1,1,-1,played,47,62a5ef032a1b1c35,3iar,0,0,0,0,0,0,1,2613485,1680049,76991,0,0,0,0
3,6,22261007,4,4,4,4,0,1,-1,played,46,c02ba7671e8dedff,3iar,0,0,0,0,0,0,1,1818239,1211937,70423,0,0,0,0
3,7,22261008,1,0,0,3,1,1,-1,played,57,79c6c5e497a34462,3iar,0,0,0,0,0,0,1,3063719,1729115,74634,0,0,0,0
3,8,22261009,4,4,4,4,0,1,-1,played,56,4404777587cb6837,3iar,0,0,0,0,0,0,1,2072745,1346633,103211,0,0,0,0
3,9,22261010,1,0,0,3,1,2,-1,played,55,c6e360d6c77bf80c,draw,0,0,0,0,0,0,1,3003233,1497872,136543,0,0,0,0
3,10,22261011,4,4,4,4,0,0,-1,played,47,658398c17a907c69,3iar,0,0,0,0,0,0,1,1716408,1138944,47093,0,0,0,0
3,11,22261012,1,0,0,3,1,0,-1,played,46,6b3e139403716be9,3iar,0,0,0,0,0,0,1,2792144,1693195,88259,0,0,0,0
3,12,22261013,4,4,4,4,0,1,-1,played,58,a0de65e62fef3c73,3iar,0,0,0,0,0,0,1,2221787,1445423,51897,0,0,0,0
3,13,22261014,1,0,0,3,1,0,-1,played,58,fcad7f0cdc6be445,3iar,0,0,0,0,0,0,1,2886812,1663967,134374,0,0,0,0
3,14,22261015,4,4,4,4,0,1,-1,played,46,f3f7be41dab566b0,3iar,0,0,0,0,0,0,1,1641204,1039715,35750,0,0,0,0
3,15,22261016,1,0,0,3,1,0,-1,played,42,900dfeda55d64163,3iar,0,0,0,0,0,0,1,2439440,1424706,43772,0,0,0,0
3,16,22261017,4,4,4,4,0,0,-1,played,53,191f84c6cd03b232,3iar,0,0,0,0,0,0,1,2224001,1246081,80780,0,0,0,0
3,17,22261018,1,0,0,3,1,1,-1,played,53,8ada28cb6b9365ec,3iar,0,0,0,0,0,0,1,2784765,1739976,95295,0,0,0,0
3,18,22261019,4,4,4,4,0,0,-1,played,55,42b1358ea937dbef,3iar,0,0,0,0,0,0,1,2072568,1297964,107528,0,0,0,0
3,19,22261020,1,0,0,3,1,1,-1,played,49,37ef8da8e004609b,count,0,0,0,0,0,0,1,2427044,1647462,49222,0,0,0,0
3,20,22261021,4,4,4,4,0,1,-1,played,56,d1f48b1d559d0955,3iar,0,0,0,0,0,0,1,1972041,1323588,95823,0,0,0,0
3,21,22261022,1,0,0,3,1,0,-1,played,38,8f1c33a42d0c0693,3iar,0,0,0,0,0,0,1,2430732,1322565,50146,0,0,0,0
3,22,22261023,4,4,4,4,0,1,-1,played,48,cde591d02e7186ba,3iar,0,0,0,0,0,0,1,1809701,1077280,71284,0,0,0,0
3,23,22261024,1,0,0,3,1,1,-1,played,41,aa0faceeb93d6369,3iar,0,0,0,0,0,0,1,2444096,1260783,46925,0,0,0,0
3,24,22261025,4,4,4,4,0,0,-1,played,43,ab763b05d588c253,3iar,0,0,0,0,0,0,1,1802497,1227438,61843,0,0,0,0
4,0,23261001,4,4,4,4,0,0,-1,played,55,f195333a4750c4a8,3iar,0,0,0,0,0,0,1,2071937,1362598,176940,0,0,0,0
4,1,23261002,1,0,0,3,1,1,-1,played,53,52c1c707d1177d6f,3iar,0,0,0,0,0,0,1,2889887,1690792,107006,0,0,0,0
4,2,23261003,4,4,4,4,0,1,-1,played,48,8109d964187144ff,3iar,0,0,0,0,0,0,1,1806609,1328991,102291,0,0,0,0
4,3,23261004,1,0,0,3,1,1,-1,played,43,135db2e6bab23a17,3iar,0,0,0,0,0,0,1,2362206,1369607,38199,0,0,0,0
4,4,23261005,4,4,4,4,0,0,-1,played,41,4847f4a31d4442d6,3iar,0,0,0,0,0,0,1,1715763,1237055,61041,0,0,0,0
4,5,23261006,1,0,0,3,1,0,-1,played,54,bbd9ff455859d989,3iar,0,0,0,0,0,0,1,2867648,1805436,118981,0,0,0,0
4,6,23261007,4,4,4,4,0,0,-1,played,47,69196a7e3261b28f,3iar,0,0,0,0,0,0,1,1812735,1202358,63680,0,0,0,0
4,7,23261008,1,0,0,3,1,2,-1,played,61,1030d4f014ea6bfd,draw,0,0,0,0,0,0,1,3511387,1794359,294210,0,0,0,0
4,8,23261009,4,4,4,4,0,0,-1,played,49,61da68bc74acb326,3iar,0,0,0,0,0,0,1,1904912,1205156,82756,0,0,0,0
4,9,23261010,1,0,0,3,1,1,-1,played,53,afdc723e4c09533a,3iar,0,0,0,0,0,0,1,2534715,1500360,46954,0,0,0,0
4,10,23261011,4,4,4,4,0,0,-1,played,51,e0673b5683ed0fbf,3iar,0,0,0,0,0,0,1,1669124,1082517,98251,0,0,0,0
4,11,23261012,1,0,0,3,1,0,-1,played,50,8d091bbe78ba431d,3iar,0,0,0,0,0,0,1,2640924,1753851,80555,0,0,0,0
4,12,23261013,4,4,4,4,0,0,-1,played,41,17ff6e783a77c126,3iar,0,0,0,0,0,0,1,1576886,1028368,32521,0,0,0,0
4,13,23261014,1,0,0,3,1,1,-1,played,43,3833c6c27d23f9dc,3iar,0,0,0,0,0,0,1,2557510,1445712,54338,0,0,0,0
4,14,23261015,4,4,4,4,0,0,-1,played,41,c44404c534424f67,3iar,0,0,0,0,0,0,1,1622831,1066466,40910,0,0,0,0
4,15,23261016,1,0,0,3,1,1,-1,played,45,83a08ff3d9c5a898,3iar,0,0,0,0,0,0,1,2541402,1515720,61755,0,0,0,0
4,16,23261017,4,4,4,4,0,2,-1,played,59,5fa6be53f27f87c1,draw,0,0,0,0,0,0,1,2570100,1482101,315662,0,0,0,0
4,17,23261018,1,0,0,3,1,1,-1,played,47,ab42548767ca26c9,3iar,0,0,0,0,0,0,1,2441419,1494408,74325,0,0,0,0
4,18,23261019,4,4,4,4,0,0,-1,played,47,da83aa974deeebf3,3iar,0,0,0,0,0,0,1,1955828,1344387,133275,0,0,0,0
4,19,23261020,1,0,0,3,1,0,-1,played,44,61006795d4065243,3iar,0,0,0,0,0,0,1,2535598,1651371,55065,0,0,0,0
4,20,23261021,4,4,4,4,0,0,-1,played,51,e041a439bcc560fe,3iar,0,0,0,0,0,0,1,2071611,1338616,51340,0,0,0,0
4,21,23261022,1,0,0,3,1,1,-1,played,45,115d646fca708efa,3iar,0,0,0,0,0,0,1,2432132,1453127,54644,0,0,0,0
4,22,23261023,4,4,4,4,0,0,-1,played,45,641d1d5d1ea0e552,3iar,0,0,0,0,0,0,1,1846968,1103693,46569,0,0,0,0
4,23,23261024,1,0,0,3,1,0,-1,played,42,33f247e3f0f0afb3,3iar,0,0,0,0,0,0,1,2625717,1529236,52119,0,0,0,0
4,24,23261025,4,4,4,4,0,0,-1,played,49,9b7584c32b56941c,3iar,0,0,0,0,0,0,1,1802084,1130282,75070,0,0,0,0
